subset,retriever,srn,mrr,distance_gap,absence_top1,semantic_collapse_rate,samples
overall,bm25,0.72,0.8162142857142857,,0.85,,100
overall,dense::BAAI/bge-small-en-v1.5,0.79,0.895,0.03203393161296844,1.0,0.21,100
overall,hybrid::BAAI/bge-small-en-v1.5,0.63,0.8428333333333333,0.03203393161296844,0.93,0.21,100
overall,dense::intfloat/e5-small-v2,0.74,0.87,0.013354657888412476,1.0,0.26,100
overall,hybrid::intfloat/e5-small-v2,0.59,0.8483333333333334,0.013354657888412476,0.92,0.26,100
